Install Date,Cohort Size,Day 1,Day 2,Day 3,Day 4,Day 5,Day 6,Day 7,CrashesANRDay1,DailyAverageRating,LevelFailedEvents,LevelSuccessEvents,LevelPlayedEvents,Sessions,MKTExpenses,TotalPurchases,ActiveUsers,ActiveUsersDay7,AvgSessionSeconds,MedianSessionSeconds
5/11/2015,140,44.29,34.29,22.14,20,19.29,14.29,15,1,4.2,3646,2282,5928,2991,41.25,0,868,954,399,289
5/12/2015,166,42.17,27.11,20.48,22.89,16.87,14.46,9.04,2,3.67,3404,2336,5740,2885,50,0,871,928,399,272
5/13/2015,107,43.93,33.64,28.04,18.69,22.43,14.95,14.02,0,4.33,3754,2402,6156,2984,42.03,0,816,885,446,330
5/14/2015,159,44.65,30.19,26.42,23.27,22.01,20.13,16.35,0,5,3545,2490,6036,3091,50.56,0,877,2070,411,281
5/15/2015,183,41.53,28.96,23.5,18.58,12.57,12.02,15.85,3,4.79,3627,2650,6278,3362,48.69,0,989,2222,385,268
5/16/2015,214,43.46,28.97,23.36,17.29,17.29,13.08,15.89,4,4.74,3927,2749,6677,3547,49.67,0,1009,2537,385,259
5/17/2015,181,39.23,24.86,17.13,14.92,14.92,8.84,12.15,13,4.92,3744,2599,6344,3088,48.33,0,931,2632,417,304
5/18/2015,183,39.34,23.5,15.85,14.21,15.3,12.02,10.38,10,4.91,3716,2786,6504,3706,43.84,0,954,2344,373,248
5/19/2015,173,40.46,24.28,22.54,21.39,19.08,18.5,17.92,5,4.4,3553,2350,5906,3418,39.53,1,928,2124,361,232
5/20/2015,170,37.65,24.71,22.35,15.29,16.47,14.71,8.24,0,4.5,3235,2119,5365,3095,38.68,1,885,2073,379,236
5/21/2015,1308,35.86,25.54,20.26,19.34,16.28,14.6,11.7,12,4.72,5925,7996,13928,6948,573.23,0,2070,2135,356,240
5/22/2015,1027,35.05,24.05,19.28,16.85,15.48,12.95,11.1,3,4.73,6679,8378,15067,7524,435.93,7,2222,2174,369,254
5/23/2015,1139,35.73,24.67,18.88,14.05,14.66,11.94,13.08,5,4.68,7767,9338,17110,8540,438.02,13,2537,2264,369,249
5/24/2015,1076,36.71,25.93,18.68,15.89,15.61,14.5,11.62,2,4.46,7589,9038,16662,8285,443.24,31,2632,2171,388,274
5/25/2015,630,35.08,22.7,17.3,13.65,13.65,12.7,11.59,5,4.7,8054,8288,16363,7882,325.25,10,2344,1953,403,288
5/26/2015,483,37.27,22.77,19.88,15.32,15.11,14.7,11.8,0,4.71,7439,6784,14251,7266,100.07,15,2124,1897,383,266
5/27/2015,528,35.42,21.21,15.53,15.53,11.93,10.42,8.71,3,4.68,6849,6322,13198,6939,100,9,2073,1833,390,244
5/28/2015,632,35.44,24.37,19.78,15.35,15.51,11.39,9.18,1,4.67,6739,6970,13746,7143,150,8,2135,1766,392,251
5/29/2015,561,35.29,22.99,16.93,11.94,12.12,12.83,9.63,1,4.8,7114,6957,14110,7469,150,10,2174,1744,380,255
5/30/2015,608,40.3,22.7,18.75,14.97,11.84,10.86,9.87,2,4.95,6870,7148,14046,7718,150,30,2264,1708,396,243
5/31/2015,538,36.25,24.35,19.33,15.8,13.94,14.31,12.27,4,4.27,6462,6815,13314,7108,150,14,2171,1632,373,251
6/1/2015,432,34.72,25.23,20.14,17.36,15.05,11.57,10.65,0,4.4,6329,5865,12226,6721,300,14,1953,1648,375,226
6/2/2015,373,34.05,23.86,18.77,15.82,14.48,14.21,12.6,2,4.71,6122,5269,11425,6088,150,17,1897,1598,395,269
6/3/2015,390,35.9,21.28,17.44,15.64,13.85,12.56,9.49,2,4.95,5882,5308,11227,6163,150,19,1833,1559,376,247
6/4/2015,359,33.15,16.99,15.88,11.42,11.42,8.64,8.08,0,4.86,5253,4941,10222,5422,150,10,1766,1527,393,265
6/5/2015,343,32.36,18.66,15.74,14.87,14.29,9.62,9.62,2,5,4955,4453,9439,5197,150,18,1744,1511,408,267
6/6/2015,329,34.04,23.1,17.33,13.07,13.68,9.12,9.42,0,4.69,5185,4603,9804,5059,150,14,1708,1542,445,298
6/7/2015,322,39.44,26.09,15.84,13.98,13.35,11.8,9.94,2,4.46,4868,4362,9258,4612,150,17,1632,1481,457,310
6/8/2015,331,39.58,20.85,16.01,13.9,11.78,9.97,10.57,2,4.62,4703,4257,8978,4659,150,9,1648,1485,457,313
6/9/2015,281,38.08,25.62,15.66,14.23,14.23,11.03,8.9,0,4.89,4408,4266,8689,4996,150,12,1598,1498,421,220
6/10/2015,323,32.2,23.53,17.03,13.93,14.24,12.38,9.29,0,4.92,4439,4179,8644,4224,165,6,1559,1399,516,356
6/11/2015,308,33.44,21.75,18.83,20.45,15.91,13.96,12.34,0,4.8,4004,3842,7861,4092,152.41,5,1527,1474,462,321
6/12/2015,282,36.52,21.63,18.79,15.25,15.6,11.7,10.64,0,5,3969,3745,7742,4027,121.02,5,1511,1414,458,306
6/13/2015,304,34.87,21.05,13.82,11.18,10.86,11.18,10.53,0,5,4264,3978,8272,4149,90,12,1542,1457,486,346
6/14/2015,306,36.27,20.26,17.32,13.07,14.05,10.78,9.8,1,4.3,4335,3907,8268,4263,90,4,1481,1425,476,331
6/15/2015,301,36.54,22.92,17.28,14.29,13.95,10.63,9.3,0,4.63,4150,3882,8055,4110,91.31,13,1485,1372,510,325
6/16/2015,281,31.67,24.2,15.66,14.59,13.52,14.23,9.61,0,4.44,4351,3740,8116,4378,90,14,1498,1381,473,294
6/17/2015,271,40.59,26.57,17.71,15.5,13.65,14.02,13.65,1,4.62,4178,3827,8022,3943,86.97,17,1399,1416,513,353
6/18/2015,300,39.33,24,21.67,16,14,11.33,11.67,0,4.83,4339,3912,8272,4139,80,13,1474,1367,496,354
6/19/2015,253,36.36,26.09,19.76,14.62,13.83,15.42,12.65,0,5,3740,3675,7423,3938,80,12,1414,1364,472,341
6/20/2015,320,35,22.81,18.44,16.56,13.44,10,12.19,0,4.2,3854,3943,7816,4212,80,19,1457,1340,498,312
6/21/2015,294,34.01,23.81,14.97,11.9,9.86,9.18,9.18,2,4.8,4143,4187,8355,4285,80,18,1425,1336,465,308
6/22/2015,252,34.52,24.6,18.65,13.49,11.11,8.33,9.52,0,4.88,3579,3511,7126,3659,80,7,1372,1323,508,336
6/23/2015,282,37.94,20.92,16.31,11.7,12.77,9.93,9.22,1,3.88,3473,3326,6818,3641,90.05,11,1381,1303,459,316
6/24/2015,280,35.36,20.71,19.64,15.36,17.5,12.86,14.29,3,4.78,3771,3644,7436,3903,115,13,1416,1218,491,337
6/25/2015,289,32.53,21.11,15.22,15.57,12.8,11.42,10.38,0,4.73,3372,3318,6713,3542,115,11,1367,1251,478,334
6/26/2015,301,31.56,23.59,15.61,11.3,12.96,10.96,8.64,0,5,3536,3448,7002,3508,111.25,9,1364,1250,496,338
6/27/2015,289,36.33,24.22,17.65,14.88,14.19,14.53,11.07,0,4.81,3398,3564,6988,3652,105,3,1340,1234,484,320
6/28/2015,279,35.48,21.86,16.13,12.54,13.98,9.32,9.68,0,4.8,3570,3785,7377,3608,105,4,1336,1205,522,365
6/29/2015,252,30.56,20.63,15.08,9.92,10.71,8.73,7.94,0,4.82,3540,3441,7001,3505,93.46,5,1323,1273,491,335
6/30/2015,279,35.13,20.43,15.05,11.11,10.75,8.96,8.24,1,4.42,3255,3317,6589,3386,80,11,1303,1272,467,319
7/1/2015,214,35.51,26.17,15.89,13.55,12.62,12.15,9.81,0,4.58,3138,3046,6217,3236,80,2,1218,1300,503,332
7/2/2015,275,32,17.09,13.45,16,12.36,10.18,6.55,2,4.29,3102,3011,6137,3393,84.58,5,1251,1412,468,307
7/3/2015,254,33.86,18.9,12.2,15.75,11.42,11.02,9.84,0,4.5,3327,3250,6591,3485,81.94,5,1250,3746,488,310
7/4/2015,265,35.85,23.77,18.87,16.23,14.34,11.32,9.43,0,4.11,3004,3232,6247,3367,81.96,3,1234,3724,501,325
7/5/2015,290,36.21,21.72,18.62,14.83,12.41,12.07,12.76,0,4.56,2864,3365,6247,3233,80,5,1205,3819,512,325
7/6/2015,304,33.55,23.03,17.43,14.47,9.87,9.54,8.22,0,4.57,3462,3770,7242,3705,84.67,4,1273,4097,505,327
7/7/2015,286,39.86,25.87,22.73,18.53,15.73,13.29,11.54,0,4.56,3462,3658,7125,3788,82.9,3,1272,4291,481,304
7/8/2015,277,31.05,24.55,16.97,12.27,13,10.47,8.66,1,4.55,3374,3439,6818,3568,80,7,1300,3950,531,333
7/9/2015,466,33.91,19.53,15.67,13.09,11.16,8.37,7.08,0,4.22,3121,3519,6646,3567,80,4,1412,3596,489,305
7/10/2015,2722,31.12,19.43,14.51,11.98,11.32,10.14,9.33,3,4.01,4560,10294,14855,9485,80,1,3746,2963,402,238
7/11/2015,1988,30.23,18.96,15.09,13.18,11.77,11.87,10.11,4,3.96,6337,11593,17932,10605,80,4,3724,2665,436,256
7/12/2015,1884,32.43,21.66,16.3,13.54,12.63,12.15,9.34,0,4.17,7205,12668,19876,11506,86.4,3,3819,2422,430,267
7/13/2015,1991,34.96,22.2,18.28,15.07,13.21,11.5,9.44,2,4.37,7813,12978,20791,12248,88,5,4097,2233,421,257
7/14/2015,1867,32.24,21.26,18,13.66,11.62,10.02,8.46,2,4.21,8079,12782,20868,12644,81.46,5,4291,2046,413,258
7/15/2015,1386,33.77,23.95,18.98,14.29,12.27,10.03,9.52,0,4.1,8350,12081,20431,12275,66.4,18,3950,1996,412,247
7/16/2015,920,31.09,23.7,16.2,13.59,12.72,10.43,9.89,3,3.92,8985,11692,20678,11947,67.2,12,3596,1991,437,282
7/17/2015,337,32.94,21.66,16.62,16.62,12.46,12.46,10.68,4,4.19,8613,8784,17400,10294,65.6,3,2963,2016,440,278
7/18/2015,297,34.01,21.21,15.15,13.8,12.79,11.11,11.78,1,4,7501,7496,15002,8839,72.8,6,2665,1935,449,281
7/19/2015,286,32.52,23.43,16.78,13.64,14.34,13.64,9.09,0,4.16,6913,6866,13779,8131,81.6,4,2422,1776,455,288
7/20/2015,275,34.18,26.55,22.18,17.09,13.09,15.64,10.91,0,3.71,6851,6259,13111,7380,92,4,2233,1831,489,312
7/21/2015,247,30.36,19.84,19.43,11.34,12.96,12.96,8.5,1,4.23,6235,5711,11947,6897,81.6,5,2046,1769,479,296
7/22/2015,261,36.4,23.37,19.92,15.33,13.41,11.11,9.2,1,4.16,6085,5453,11540,6542,76,3,1996,1683,488,315
7/23/2015,292,35.27,25.68,17.81,13.36,11.3,10.62,10.27,2,4.39,6078,5637,11718,6857,77.6,2,1991,1690,485,298
7/24/2015,314,34.71,19.75,15.61,12.1,9.24,8.6,8.28,1,4.69,5790,5406,11196,6481,71.2,3,2016,1625,471,286
7/25/2015,269,31.6,17.47,13.38,15.61,11.15,10.04,8.92,2,4.6,5485,4951,10436,5775,77.6,4,1935,1547,495,335
7/26/2015,265,37.36,20.75,18.49,14.34,13.21,11.7,10.19,0,4.27,5088,4566,9655,5358,69.6,9,1776,1530,502,330
7/27/2015,291,34.36,19.93,17.18,16.15,9.62,9.62,9.28,1,4.67,5565,4931,10498,6115,73.6,6,1831,1538,476,306
7/28/2015,255,34.51,21.18,18.04,14.9,13.73,9.8,8.24,1,4,5071,4311,9382,5686,69.6,5,1769,1472,451,290
7/29/2015,254,35.43,19.29,16.14,11.81,14.57,11.42,9.06,1,4.21,4835,4201,9036,5303,71.1,2,1683,1395,493,310
7/30/2015,248,33.87,19.35,12.1,13.31,12.9,9.68,10.48,0,4.42,4887,4334,9221,5397,72,9,1690,1385,473,305
7/31/2015,244,33.2,20.08,19.67,18.44,13.52,13.93,10.25,0,4.39,4522,4063,8586,4933,72,10,1625,951,499,325
8/1/2015,261,31.8,21.46,20.31,13.79,13.79,7.28,4.21,1,4.31,4330,3772,8102,4717,65.6,5,1547,670,510,313
8/2/2015,240,31.25,19.17,16.67,13.33,8.33,5,4.58,0,4.33,4641,3624,8267,4773,75.2,4,1530,585,504,332
8/3/2015,265,35.47,20.38,17.36,13.21,9.43,6.04,5.66,0,4.69,4636,3997,8633,4935,80.8,8,1538,499,484,326
8/4/2015,229,34.06,18.78,13.54,5.68,7.42,4.8,5.24,1,4.44,4220,3502,7722,4461,75.2,9,1472,459,495,308
8/5/2015,231,34.63,12.55,7.79,5.19,3.03,3.03,6.06,0,4.64,3960,3735,7695,4360,70.4,9,1395,801,499,326
8/6/2015,194,21.65,7.22,5.15,4.64,2.58,4.64,5.15,0,4.42,3851,3268,7119,4027,80,5,1385,1046,494,338
8/7/2015,33,24.24,24.24,15.15,9.09,6.06,15.15,12.12,0,4.67,2581,1962,4543,2808,148.21,4,951,1173,535,294
8/8/2015,22,22.73,9.09,4.55,9.09,4.55,0,4.55,1,5,2002,1267,3270,1986,107.99,8,670,1205,498,317
8/9/2015,29,24.14,17.24,13.79,6.9,10.34,17.24,10.34,0,4.36,1783,1204,2990,1877,116,13,585,1188,462,314
8/10/2015,9,44.44,11.11,0,0,0,0,0,0,4.45,1660,1172,2833,1661,122.92,7,499,1208,479,324
8/11/2015,13,38.46,30.77,30.77,7.69,30.77,15.38,23.08,1,4.57,1412,990,2403,1417,69.6,1,459,1125,500,342
8/12/2015,211,46.45,34.12,28.44,20.38,22.75,18.01,17.54,1,3.89,2060,1808,3868,2216,72,0,801,1188,517,334
8/13/2015,233,39.06,27.47,24.03,19.31,15.02,14.59,13.3,1,4.33,2544,2314,4858,2914,64.8,5,1046,1081,515,348
8/14/2015,246,38.62,22.36,17.07,17.89,14.63,9.35,9.35,0,4.88,2897,2482,5379,3311,64,2,1173,1067,474,318
8/15/2015,237,37.97,27,18.99,19.83,15.19,13.5,16.46,0,5,2996,2593,5589,3511,69.6,5,1205,1136,455,298
8/16/2015,250,34.4,20.4,20.4,12.4,7.2,12,10,2,4.71,3004,2606,5610,3376,69.6,8,1188,1034,463,328
8/17/2015,255,34.12,24.31,16.47,12.94,12.16,7.84,7.45,0,4.2,3052,2709,5764,3456,71.2,7,1208,967,476,318
8/18/2015,209,37.8,24.4,13.88,13.4,9.57,10.05,7.66,1,5,2872,2617,5489,3132,68,11,1125,999,494,362
8/19/2015,197,37.56,21.83,19.8,10.15,11.68,11.68,8.63,1,4.5,2860,2443,5303,3256,55.72,5,1188,913,487,338
8/20/2015,140,35.71,28.57,21.43,17.14,14.29,12.14,8.57,0,4.6,2891,2376,5267,3044,6.3,12,1081,937,500,341
8/21/2015,127,41.73,29.13,18.11,16.54,12.6,14.17,11.81,0,3.83,2713,2183,4896,3046,8.1,7,1067,896,481,324
8/22/2015,179,39.11,22.35,17.32,14.53,10.61,13.41,9.5,0,4.14,2748,2322,5070,3067,7.1,4,1136,922,470,330
8/23/2015,147,37.41,27.21,23.81,14.97,14.97,12.24,11.56,0,4.44,2684,2066,4751,2931,7.2,3,1034,883,461,311
8/24/2015,140,43.57,24.29,20,10,12.86,8.57,7.14,0,4,2322,1932,4254,2718,13.4,4,967,768,529,310
8/25/2015,115,33.91,21.74,16.52,12.17,11.3,6.96,7.83,0,4.55,2264,1879,4143,2632,7.2,6,999,750,471,320
8/26/2015,105,35.24,23.81,22.86,14.29,10.48,11.43,10.48,0,5,2177,1729,3906,2565,0,2,913,709,556,303
8/27/2015,105,40,33.33,27.62,21.9,20,11.43,14.29,1,3.25,2336,2026,4362,2808,0.8,1,937,730,477,314
8/28/2015,100,37,19,12,9,8,11,9,0,5,2314,1865,4179,2609,0,5,896,756,474,305
8/29/2015,108,37.96,22.22,21.3,10.19,13.89,13.89,9.26,0,4.88,2201,1862,4063,2637,0,2,922,769,443,278
8/30/2015,100,24,20,10,15,16,13,7,0,4.3,2255,1823,4078,2593,0.9,6,883,665,1174,331
8/31/2015,73,41.1,19.18,17.81,17.81,12.33,5.48,4.11,0,4.75,1806,1314,3120,2051,0,4,768,665,1114,320
9/1/2015,69,30.43,17.39,15.94,10.14,11.59,8.7,7.25,0,4,1918,1527,3445,2134,0,2,750,616,1054,332
9/2/2015,78,46.15,26.92,25.64,20.51,15.38,14.1,8.97,0,4,1603,1240,2843,1886,0.9,2,709,608,994,312
9/3/2015,78,35.9,24.36,19.23,14.1,11.54,11.54,11.54,3,3.71,1784,1374,3158,2052,0,4,730,643,934,326
9/4/2015,73,41.1,26.03,12.33,15.07,8.22,8.22,6.85,0,4,1600,1320,2920,1945,0,3,756,650,874,301
9/5/2015,111,29.73,25.23,17.12,12.61,11.71,10.81,12.61,1,4.22,1769,1463,3232,2072,0.9,7,769,688,814,315
9/6/2015,71,39.44,15.49,18.31,11.27,11.27,8.45,11.27,0,3.33,1689,1446,3135,2030,0,1,665,688,754,315
9/7/2015,75,44,22.67,21.33,12,10.67,6.67,4,0,4.38,1554,1136,2690,1806,0,6,665,602,694,268
9/8/2015,49,44.9,26.53,24.49,12.24,18.37,8.16,12.24,1,4.38,1429,1035,2464,1705,0,1,616,592,634,312
9/9/2015,67,35.82,22.39,14.93,13.43,10.45,10.45,8.96,0,4.5,1453,1266,2720,1765,0,4,608,624,574,302
9/10/2015,82,35.37,23.17,14.63,12.2,15.85,9.76,14.63,1,4.33,1414,1223,2877,1787,0.9,5,643,564,514,347
9/11/2015,69,52.17,27.54,18.84,18.84,14.49,10.14,10.14,1,3.82,1515,1239,2949,1954,0,0,650,603,454,276
1/5/2015,263,41.44,28.14,22.05,16.73,14.45,11.79,11.79,0,4.13,3268,3953,7221,3555,80.85,2,1161,1306,424,319
1/6/2015,301,38.54,31.23,25.25,22.26,16.61,17.28,12.96,0,3.36,3790,4437,8227,3790,95.03,1,1234,1310,416,289
1/7/2015,313,37.7,23.96,20.77,15.65,13.1,12.78,12.14,1,3.4,3828,4495,8323,3888,120.34,0,1215,1378,393,256
1/8/2015,307,44.95,32.9,21.5,18.24,17.92,14.98,11.07,0,4.11,3741,4385,8126,3903,120.55,0,1272,1476,422,256
1/9/2015,291,41.24,23.02,24.74,15.81,14.09,14.43,11,0,3.38,3848,4571,8419,3991,109.01,0,1240,1540,436,302
1/10/2015,331,45.32,31.72,23.87,22.05,19.34,17.52,15.41,3,3.45,4160,5101,9261,4301,119.63,0,1351,1596,404,278
1/11/2015,301,40.53,25.58,19.6,15.28,15.61,15.61,13.95,2,3.67,3661,4347,8008,3826,119.38,2,1200,1608,429,306
1/12/2015,346,43.35,30.35,24.86,20.23,16.76,13.87,13.58,0,3.44,3915,5314,9229,4370,120.67,1,1306,1673,426,309
1/13/2015,348,41.95,27.59,20.4,18.1,14.66,15.8,12.93,0,4.29,3728,4986,8714,4366,120.4,1,1310,1691,415,282
1/14/2015,360,46.67,33.61,25,21.11,20.56,14.72,13.89,3,3.67,3630,5382,9012,4389,135.66,0,1378,1729,417,288
1/15/2015,406,45.07,30.3,27.34,22.66,20.94,19.21,16.75,2,4,4217,6805,11022,5016,188.59,0,1476,1702,395,264
1/16/2015,416,41.35,28.61,24.04,21.39,20.19,18.99,17.07,2,3.64,4277,6207,10484,4874,184.21,1,1540,1822,406,276
1/17/2015,434,42.86,32.03,28.57,24.19,21.66,19.35,17.74,2,4.25,4690,6877,11567,5379,184.16,0,1596,1769,406,263
1/18/2015,411,42.82,28.47,25.3,23.36,22.87,18.25,17.03,3,4.36,4915,7032,11947,5565,184.28,0,1608,1695,411,282
1/19/2015,437,40.5,29.29,24.71,23.57,19.45,16.25,15.33,4,4.63,5448,7691,13139,6080,202.52,2,1673,1651,409,285
1/20/2015,417,39.81,29.26,25.66,22.3,21.1,18.47,17.27,2,4.29,5292,7471,12763,6060,189.7,2,1691,1604,410,278
1/21/2015,396,46.97,30.05,24.24,19.44,19.44,16.41,16.16,6,4.2,6065,7503,13568,6440,190.56,1,1729,1570,416,290
1/22/2015,330,43.94,33.03,26.67,23.94,24.24,20.3,19.39,6,5,5928,7727,13655,6181,187.55,1,1702,1675,419,283
1/23/2015,405,39.75,26.17,19.75,19.01,20.49,16.79,15.31,8,3.72,6353,8543,14896,6739,180.51,3,1822,1620,413,269
1/24/2015,375,37.07,25.07,20.53,18.67,18.4,17.33,16.27,4,3.81,5899,7415,13314,6141,180.01,1,1769,1620,387,254
1/25/2015,349,40.69,31.23,27.22,22.06,20.06,18.62,16.91,5,3.8,6057,7422,13480,6245,179.97,0,1695,1492,397,258
1/26/2015,324,41.36,30.56,26.23,22.84,23.46,18.83,16.36,0,4.3,6198,7178,13376,6039,180.33,5,1651,1556,413,288
1/27/2015,266,40.98,35.71,27.07,21.43,16.17,15.41,15.04,2,4.1,5895,6502,12397,5592,157.06,0,1604,1431,450,320
1/28/2015,292,37.67,25.34,24.32,18.84,20.21,17.81,17.12,3,4.6,5604,6196,11800,5531,154.83,4,1570,1427,418,292
1/29/2015,335,43.28,31.34,24.78,23.28,22.09,21.49,17.91,3,3.4,6232,6865,13097,6078,180.11,4,1675,1404,430,310
1/30/2015,258,38.37,27.13,24.03,15.89,15.89,10.47,15.5,2,3.62,5883,5924,11807,5731,139.85,1,1620,1491,419,304
1/31/2015,285,37.19,25.96,20.35,18.95,17.54,14.74,13.33,3,4,5403,6010,11413,5425,98.51,4,1620,1518,421,304
2/1/2015,272,42.65,31.99,24.26,20.96,22.79,20.96,18.01,0,3.13,4795,5575,10370,5041,100.86,1,1492,1422,429,305
2/2/2015,273,42.49,30.04,29.3,24.18,21.25,18.32,18.32,1,4.63,5420,6232,11652,5478,103.2,1,1556,1418,418,274
2/3/2015,229,47.6,31.88,30.13,21.4,20.09,17.9,16.59,1,3.64,5188,5692,10880,4998,81.8,0,1431,1373,405,268
2/4/2015,220,51.82,33.64,24.09,18.64,21.36,18.64,15,2,3.88,5160,5274,10434,4915,81.6,1,1427,1406,407,261
2/5/2015,222,40.09,29.73,21.17,18.02,15.32,13.96,13.51,1,3.43,4867,5202,10069,4651,81.27,0,1404,1356,396,273
2/6/2015,242,37.6,26.03,21.9,19.01,20.25,17.77,16.53,2,3.89,5313,5697,11010,5152,81.08,1,1491,1390,412,286
2/7/2015,234,39.32,25.64,20.09,19.66,20.94,16.67,17.52,3,4.22,5404,5451,10855,5396,80.92,0,1518,1576,418,289
2/8/2015,233,46.78,31.76,28.33,25.32,25.32,21.46,21.89,5,3,4732,4937,9669,4723,80.9,0,1422,1549,399,270
2/9/2015,262,38.55,25.95,22.9,20.61,19.08,14.5,14.89,4,3,4601,5104,9705,4862,81.32,0,1418,1525,386,245
2/10/2015,230,43.04,26.52,19.13,17.83,18.7,12.61,13.48,2,3.14,5041,5235,10277,5142,81.19,1,1373,1537,412,281
2/11/2015,227,34.8,25.55,20.26,16.3,13.66,11.89,14.54,0,4.17,4833,4985,9822,4747,96.15,0,1406,1565,409,263
2/12/2015,237,40.08,29.11,23.63,22.36,19.41,18.57,14.77,2,4.33,4461,4977,9438,4578,102.14,1,1356,1565,394,259
2/13/2015,235,42.13,31.06,22.13,19.15,20.85,16.17,13.62,0,4,4841,4931,9772,4618,90.56,0,1390,1455,406,266
2/14/2015,292,42.81,32.19,23.29,23.29,19.52,16.1,13.7,2,4,6126,6196,12322,5571,90.62,4,1576,1537,407,274
2/15/2015,339,43.95,32.74,30.09,23.01,22.42,20.06,15.63,3,3.2,6102,6252,12354,5475,90.72,2,1549,1411,420,289
2/16/2015,294,45.92,33.33,30.61,27.89,28.57,19.73,19.05,0,4,5839,5931,11770,5282,94.89,3,1525,1371,446,304
2/17/2015,284,44.72,29.93,20.07,22.89,20.07,15.85,13.03,1,4,6022,5450,11472,5608,100.25,1,1537,1304,420,298
2/18/2015,229,44.1,29.26,20.96,18.34,18.78,15.28,14.41,1,3.38,6945,6303,13248,6035,91.28,3,1565,1228,422,285
2/19/2015,228,40.79,30.26,23.68,24.12,18.42,16.67,15.35,0,4,6321,5291,11612,5535,74.69,0,1565,1235,416,286
2/20/2015,164,38.41,26.22,19.51,16.46,15.24,12.2,13.41,0,4.17,6648,4863,11512,5386,59.97,0,1455,1247,412,287
2/21/2015,183,43.17,27.87,26.23,22.4,21.86,18.58,18.58,0,3.67,6400,4933,11333,5454,46.24,1,1537,1278,411,286
2/22/2015,170,40,30.59,22.94,20,23.53,25.88,18.82,1,4.36,5968,4412,10380,5016,52.88,0,1411,1222,441,285
2/23/2015,192,38.02,29.69,22.4,17.71,16.15,14.06,14.06,0,4,5819,4343,10163,4868,76.33,1,1371,1193,424,297
2/24/2015,123,43.09,28.46,25.2,25.2,21.14,18.7,17.07,0,3.75,5873,4005,9878,4635,44.32,1,1304,1145,423,281
2/25/2015,113,42.48,32.74,28.32,27.43,24.78,23.01,21.24,1,3.67,5483,3784,9267,4382,44.15,3,1228,1131,414,285
2/26/2015,140,46.43,30.71,27.14,19.29,23.57,19.29,22.14,0,3.75,5783,4113,9896,4717,42.42,1,1235,1128,411,292
2/27/2015,135,38.52,25.19,20.74,17.04,17.04,14.07,11.85,2,4.5,5797,4008,9805,4656,39.21,0,1247,1201,424,280
2/28/2015,149,43.62,29.53,19.46,18.12,20.81,20.13,16.78,1,4,4888,3557,8445,4442,38.46,0,1278,1185,452,304
3/1/2015,148,47.97,27.7,27.7,20.95,21.62,14.19,14.19,2,3.33,5023,3345,8368,3864,43.14,0,1222,1014,420,297
3/2/2015,143,43.36,33.57,29.37,26.57,27.97,25.17,22.38,1,3.5,5192,3430,8622,4168,41.13,1,1193,1013,424,302
3/3/2015,100,47,37,35,28,25,19,18,2,4,5060,3321,8381,4103,36.23,0,1145,998,434,319
3/4/2015,110,45.45,32.73,27.27,20.91,22.73,23.64,19.09,1,3,4856,3267,8123,3889,35.88,1,1131,993,450,328
3/5/2015,120,43.33,39.17,28.33,23.33,26.67,22.5,19.17,0,3,4942,3296,8238,3859,31.51,2,1128,899,400,284
3/6/2015,102,39.22,23.53,27.45,18.63,18.63,16.67,14.71,0,3.57,5443,3318,8761,4371,29.58,1,1201,962,416,288
3/7/2015,94,36.17,28.72,31.91,25.53,23.4,23.4,20.21,1,2.67,5315,3429,8744,4347,29,0,1185,973,413,303
3/8/2015,93,39.78,36.56,27.96,21.51,27.96,25.81,18.28,0,3,4227,2738,6965,3417,27.34,0,1014,815,410,289
3/9/2015,68,41.18,32.35,22.06,27.94,25,14.71,14.71,1,5,4472,2603,7076,3521,26.39,3,1013,858,416,304
3/10/2015,67,40.3,29.85,22.39,23.88,16.42,19.4,10.45,4,2.75,4433,2618,7051,3624,18.67,0,998,950,419,290
3/11/2015,70,47.14,30,27.14,21.43,18.57,18.57,17.14,0,2.75,4346,2642,6989,3436,19.61,0,993,1022,411,296
3/12/2015,63,49.21,23.81,12.7,17.46,9.52,17.46,15.87,0,4.5,3920,2099,6019,3198,17.46,0,899,1091,427,313
3/13/2015,63,33.33,22.22,15.87,22.22,23.81,17.46,14.29,0,4,4303,2379,6682,3269,17.58,0,962,1151,422,312
3/14/2015,72,36.11,25,20.83,18.06,20.83,12.5,18.06,0,4,4184,2253,6437,3380,12.85,2,973,1261,421,296
3/15/2015,54,50,37.04,27.78,29.63,20.37,31.48,24.07,1,4.5,3199,2006,5205,2733,18.93,0,815,1210,422,309
3/16/2015,69,34.78,34.78,26.09,23.19,17.39,18.84,18.84,1,2.5,3203,1999,5202,2878,15.54,0,858,1182,431,312
3/17/2015,167,43.71,34.13,28.14,26.35,26.95,19.16,16.17,0,4.2,3711,2456,6168,3147,41.07,0,950,1236,394,262
3/18/2015,168,42.26,25.6,27.38,17.86,17.86,17.26,16.67,0,4.25,4004,2804,6808,3667,66.32,0,1022,1160,448,306
3/19/2015,232,41.81,25.43,21.98,20.26,18.97,16.81,16.81,2,3.64,4210,3286,7496,3912,62.91,0,1091,1253,417,302
3/20/2015,272,47.43,32.35,27.57,21.32,18.01,20.22,16.54,2,4.17,4374,3573,7947,3940,71.57,2,1151,1026,421,296
3/21/2015,272,44.85,29.04,21.69,15.07,18.01,16.18,17.28,1,4.25,5288,4544,9832,4768,75.03,0,1261,866,432,309
3/22/2015,256,41.41,29.69,27.34,25.78,19.53,18.36,17.58,2,3.67,4805,4236,9041,4374,76.88,0,1210,817,413,291
3/23/2015,235,42.13,28.94,25.53,21.7,15.74,14.04,11.91,2,4.33,4675,3990,8665,4410,79.29,0,1182,830,421,285
3/24/2015,258,43.8,32.17,23.64,17.05,16.67,14.34,13.95,0,4.55,4926,4209,9136,4507,79.27,0,1236,956,432,297
3/25/2015,197,52.79,35.03,30.46,22.84,21.83,18.78,14.21,0,4.25,5081,3956,9037,4689,59.66,0,1160,961,427,305
3/26/2015,204,40.2,25.98,19.61,15.2,15.69,14.71,9.31,0,4.25,5332,4184,9516,4870,49.08,0,1253,1039,420,297
3/27/2015,60,28.33,21.67,13.33,5,10,13.33,8.33,1,5,4348,2831,7179,3788,41.13,0,1026,1066,425,302
3/28/2015,10,20,30,10,20,20,10,10,4,4.83,3744,1948,5692,3136,40.51,1,866,1071,403,264
3/29/2015,10,40,40,10,20,10,10,10,0,4,3462,1866,5328,2944,37.12,0,817,1073,427,302
3/30/2015,88,42.05,30.68,29.55,25,15.91,20.45,10.23,0,4.5,3059,1984,5043,2863,35.6,0,830,1105,418,281
3/31/2015,162,44.44,30.86,20.37,21.6,23.46,16.67,17.28,1,3.13,3374,2511,5885,3112,35.45,0,956,1079,446,277
4/1/2015,162,43.21,37.65,30.86,27.78,23.46,24.69,21.6,2,4,3522,2598,6120,3184,48.14,0,961,1079,409,271
4/2/2015,202,42.08,30.69,23.27,18.81,17.82,14.85,16.34,1,3.5,3468,2955,6423,3465,44.35,0,1039,1118,385,235
4/3/2015,180,37.22,24.44,20,16.11,15.56,16.11,14.44,1,5,3607,2656,6263,3338,50.37,0,1066,1196,388,239
4/4/2015,210,36.67,28.57,21.43,18.1,17.62,18.57,14.76,1,3,4166,3265,7432,3696,51.56,0,1071,1201,382,232
4/5/2015,226,40.71,28.32,24.78,21.68,17.7,18.14,15.04,0,3.71,3837,2949,6786,3566,55.8,0,1073,1182,394,231
4/6/2015,233,39.06,29.18,20.17,19.74,14.16,15.02,13.73,0,4.67,3732,3113,6845,3513,60.45,0,1105,1182,400,238
4/7/2015,209,44.02,29.19,21.53,25.84,22.01,18.66,13.4,0,4,3768,3254,7022,3495,54.68,0,1079,1165,386,248
4/8/2015,192,42.19,28.12,21.35,19.27,16.15,15.1,11.98,0,4,3958,3035,6993,3531,56.42,0,1079,1127,420,270
4/9/2015,202,47.03,30.69,23.27,20.79,16.34,15.35,12.87,2,4.75,4111,3221,7332,3805,61.52,0,1118,1110,402,253
4/10/2015,200,38,26.5,25,20.5,16.5,17,21,1,3.75,4368,3474,7842,4068,62.65,0,1196,1219,410,240
4/11/2015,210,40,22.86,14.76,14.76,17.14,14.29,16.67,,4.4,4466,3480,7946,4039,60.89,0,1201,1184,413,257
4/12/2015,212,48.11,32.08,24.53,23.58,25.94,18.87,16.04,1,4.25,4232,3549,7781,3891,62.26,0,1182,1146,407,257
4/13/2015,194,40.72,26.29,19.59,18.04,14.43,14.95,15.46,1,4.14,4546,3153,7699,3692,54.78,0,1182,1078,382,235
4/14/2015,173,44.51,27.17,24.86,21.39,13.87,15.61,12.72,0,5,4874,3203,8078,4056,60.15,0,1165,1014,395,239
4/15/2015,210,41.9,30.48,24.29,24.29,21.9,18.1,13.81,0,4.5,4407,3163,7570,3740,56.47,5,1127,959,386,237
4/16/2015,183,47.54,24.04,24.59,14.75,17.49,16.94,10.38,1,4.5,4507,3417,7924,3783,61.3,1,1110,988,397,266
4/17/2015,214,39.25,22.9,18.22,15.89,14.02,13.55,12.15,1,4.57,4907,3345,8253,4159,67.28,1,1219,1043,397,252
4/18/2015,231,42.86,31.17,21.21,17.75,17.32,16.45,13.42,3,4.63,5434,3951,9385,4406,66.48,0,1184,1061,409,275
4/19/2015,182,42.86,28.02,20.33,17.03,15.93,15.38,11.54,1,4.25,4534,3270,7804,3895,68.66,0,1146,1001,397,250
4/20/2015,170,44.71,28.24,28.82,24.12,21.76,18.24,15.88,1,4,4133,2797,6930,3695,62.06,0,1078,947,407,275
4/21/2015,148,43.92,33.11,25.68,25,21.62,18.24,20.27,2,2,3757,2672,6429,3465,54.68,1,1014,963,411,265
4/22/2015,139,47.48,35.97,27.34,22.3,20.14,20.86,19.42,1,3.75,3692,2671,6363,3240,49.79,0,959,961,405,266
4/23/2015,135,38.52,30.37,28.15,23.7,22.96,20,16.3,0,4.44,3805,2483,6288,3242,49.05,0,988,962,416,266
4/24/2015,169,46.75,26.63,18.93,21.89,16.57,14.2,12.43,1,4.17,4656,3365,8021,4069,48.7,1,1043,952,387,242
4/25/2015,159,41.51,27.67,25.16,16.35,17.61,16.98,12.58,0,5,4421,3144,7565,3886,50.77,0,1061,1002,387,236
4/26/2015,162,37.65,27.16,20.99,18.52,12.96,13.58,8.64,0,3.8,3526,2489,6015,3160,51.26,0,1001,944,414,264
4/27/2015,156,42.95,28.21,21.79,16.67,17.95,12.82,12.18,1,3.5,3776,2784,6560,3236,51.57,0,947,969,398,241
4/28/2015,139,43.17,25.18,25.18,20.14,16.55,12.95,14.39,0,3,4202,2739,6941,3661,51.23,0,963,926,402,241
4/29/2015,140,50.71,31.43,25,25,20.71,17.14,16.43,4,4,3903,2679,6582,3409,52.4,0,961,935,402,248
4/30/2015,149,28.86,24.16,24.16,18.79,20.13,17.45,10.74,0,5,3819,2551,6370,3455,52.46,0,962,917,402,267
5/1/2015,170,41.18,25.29,24.71,21.18,23.53,21.18,14.12,0,4,3586,2470,6056,3167,51.31,2,952,926,391,268
5/2/2015,163,40.49,25.77,20.86,14.11,13.5,14.11,10.43,1,4.8,3881,2931,6812,3410,54.13,0,1002,919,385,238
5/3/2015,161,43.48,23.6,20.5,18.63,17.39,13.04,12.42,0,3.8,3622,2530,6152,2904,55.64,0,944,907,396,244
5/4/2015,158,41.14,32.28,24.05,18.99,13.92,15.19,12.66,1,4.5,4116,2928,7044,3307,53.34,0,969,868,402,267
5/5/2015,173,41.04,30.06,27.75,25.43,18.5,10.4,13.87,1,4,3312,2542,5854,2912,51.63,1,926,871,408,269
5/6/2015,158,48.73,29.75,23.42,13.92,14.56,12.66,10.76,1,2,3657,2730,6387,3048,47.88,0,935,816,415,261
5/7/2015,128,41.41,30.47,27.34,28.12,23.44,17.19,19.53,1,3,3377,2451,5828,3093,49.77,0,917,877,427,250
5/8/2015,140,39.29,26.43,30,22.86,15,12.86,10.71,1,4.5,3612,2568,6180,3156,49.89,1,926,989,410,267
5/9/2015,148,38.51,25.68,19.59,15.54,18.24,12.84,12.16,0,3.67,3716,2774,6491,3192,49.56,0,919,1009,416,276
5/10/2015,147,40.82,28.57,22.45,19.73,20.41,14.29,14.29,0,3.88,3985,2434,6419,3255,45.7,1,907,931,411,275
