"",,Days Since Install
Install Date,Cohort Size,1,2,3,4,5,6,7,8,9,10,11,12,13,14,15,16,17,18,19,20,21,22,23,24,25,26,27,28,29
05/10/15,978.0,39.26%,28.43%,24.54%,21.06%,19.12%,16.67%,16.77%,12.58%,12.68%,11.25%,11.35%,11.15%,10.53%,9.92%,12.58%,10.02%,8.9%,9.51%,7.67%,9.2%,7.98%,8.18%,7.06%,6.34%,7.36%,6.54%,7.16%,7.36%,5.93%
05/09/15,1178.0,42.61%,28.61%,22.41%,20.88%,18.51%,17.49%,19.69%,15.96%,14.52%,13.33%,12.14%,10.61%,11.63%,11.54%,10.61%,9.51%,8.83%,8.32%,8.32%,9.51%,8.32%,8.57%,7.72%,6.88%,6.45%,6.96%,7.72%,6.62%,7.98%
05/08/15,1100.0,41.55%,31.18%,24.55%,20.55%,17.64%,16.27%,14.55%,14.27%,13.82%,12.36%,11.18%,11.64%,10.73%,10.27%,9.27%,8.18%,10.27%,10.36%,8.91%,8.18%,8.18%,8.64%,9.18%,7.64%,7.55%,7.18%,7.64%,6.36%,5.91%
05/07/15,1256.0,38.93%,27.15%,20.38%,17.28%,16.8%,15.05%,13.3%,12.58%,11.7%,11.86%,11.86%,10.35%,11.07%,8.84%,7.88%,7.8%,8.44%,8.44%,7.88%,6.85%,6.37%,6.53%,7.25%,5.89%,6.37%,6.37%,6.77%,5.41%,6.61%
05/06/15,1261.0,37.19%,24.43%,19.27%,18.24%,16.49%,15.78%,14.35%,13.56%,11.58%,11.82%,12.45%,10.47%,9.36%,9.28%,8.64%,8.09%,9.12%,8.25%,8.25%,7.38%,7.93%,7.77%,6.74%,6.19%,6.26%,5.87%,5.95%,6.34%,5.23%
05/05/15,1086.0,38.31%,24.59%,23.2%,17.4%,16.39%,14.83%,13.17%,11.23%,10.96%,10.68%,8.75%,8.84%,10.41%,8.66%,8.38%,8.2%,7.64%,7.09%,7.18%,7.09%,7.27%,5.8%,5.06%,5.71%,4.79%,5.99%,5.06%,5.06%,4.33%
05/04/15,1144.0,35.14%,26.92%,21.07%,16.96%,15.12%,14.69%,14.16%,12.67%,11.01%,10.14%,9.53%,8.83%,8.22%,8.65%,8.65%,7.43%,7.78%,7.6%,6.99%,5.94%,6.99%,7.78%,7.26%,6.47%,6.29%,5.42%,5.51%,5.16%,5.59%
05/03/15,1291.0,37.41%,27.34%,21.84%,19.6%,16.65%,15.1%,14.41%,11.54%,12.24%,12.32%,10.77%,11.08%,9.91%,9.68%,8.29%,8.37%,8.06%,7.59%,7.67%,7.82%,8.83%,7.59%,7.2%,6.97%,5.58%,5.27%,6.89%,6.66%,6.2%
05/02/15,1220.0,39.02%,25.49%,19.75%,17.87%,16.48%,13.85%,14.18%,12.7%,10.57%,9.51%,8.69%,8.44%,8.44%,10.25%,8.77%,8.03%,8.69%,7.95%,6.89%,7.79%,7.46%,7.46%,6.89%,6.31%,6.23%,5.66%,5.41%,5.98%,5.74%
05/01/15,777.0,40.93%,27.93%,22.91%,18.02%,15.96%,15.19%,15.32%,12.87%,12.48%,10.55%,10.81%,9.14%,9.27%,9.4%,8.88%,9.4%,7.72%,7.46%,6.69%,6.31%,7.08%,7.21%,6.31%,6.56%,7.46%,5.53%,5.15%,5.28%,5.41%
04/30/15,845.0,37.87%,26.04%,22.37%,18.11%,17.16%,15.62%,14.56%,14.67%,12.9%,11.95%,11.6%,10.41%,9.82%,10.18%,8.99%,8.4%,8.05%,7.34%,7.69%,6.86%,6.98%,6.39%,6.63%,6.86%,7.34%,5.92%,5.33%,5.68%,5.8%
04/29/15,841.0,40.9%,27.47%,22.12%,20.93%,17.36%,17.72%,16.65%,14.03%,14.39%,12.96%,12.01%,12.25%,12.6%,11.06%,11.3%,10.82%,9.99%,9.75%,10.23%,9.39%,9.51%,8.92%,7.61%,7.85%,8.09%,7.61%,7.02%,7.85%,8.56%
04/28/15,888.0,39.75%,28.72%,22.86%,21.06%,19.26%,16.55%,15.32%,14.98%,13.85%,12.27%,11.49%,10.92%,11.49%,11.37%,10.59%,10.47%,8.67%,9.46%,8.78%,9.57%,8.33%,8.45%,8.11%,6.53%,7.09%,6.87%,7.77%,6.42%,7.32%
04/27/15,1037.0,40.79%,28.06%,21.6%,18.71%,17.07%,16.39%,15.53%,13.6%,11.76%,11.57%,10.51%,9.93%,10.22%,10.22%,9.55%,9.45%,8.87%,8.97%,7.71%,8%,8.29%,7.43%,7.43%,7.81%,6.75%,7.33%,7.04%,7.14%,6.94%
04/26/15,1272.0,36.71%,28.46%,22.56%,20.52%,17.61%,17.37%,16.59%,13.52%,13.84%,11.01%,11.16%,11.64%,11.48%,11.08%,9.83%,9.59%,8.49%,8.73%,8.41%,8.81%,8.18%,7.94%,6.84%,7.94%,7.47%,6.45%,6.45%,7%,6.68%
04/25/15,1441.0,41.29%,25.95%,24.08%,19.78%,16.66%,16.59%,15.68%,13.67%,13.6%,12.28%,11.94%,10.48%,11.24%,10.55%,10.48%,8.88%,8.54%,8.95%,8.19%,9.78%,8.47%,8.61%,7.29%,7.91%,7.56%,7.15%,8.12%,7.22%,7.91%
04/24/15,1332.0,39.86%,29.8%,23.95%,20.2%,18.99%,15.02%,15.39%,12.91%,12.76%,11.49%,11.11%,10.36%,10.21%,11.26%,10.74%,9.68%,9.23%,9.53%,8.18%,8.48%,9.16%,7.88%,8.78%,7.51%,7.58%,5.93%,6.98%,6.23%,6.08%
04/23/15,1383.0,41.14%,28.27%,24.01%,20.75%,18.15%,16.99%,15.18%,13.45%,11.93%,12.15%,11.5%,11.14%,11.14%,11.06%,10.34%,9.11%,8.68%,9.11%,8.75%,8.53%,9.26%,8.82%,7.38%,7.66%,7.16%,7.52%,6.87%,6.44%,5.93%
04/22/15,1101.0,42.05%,29.16%,21.53%,18.35%,16.8%,15.62%,13.53%,12.9%,11.72%,11.08%,12.08%,11.35%,11.44%,9.72%,8.99%,8.63%,8.08%,7.54%,7.63%,7.54%,7.72%,6.45%,6.63%,5.54%,6.36%,5.45%,6.63%,6.54%,5.63%
04/21/15,1055.0,41.52%,30.81%,24.27%,20.19%,18.58%,17.44%,14.79%,15.17%,11.85%,11.75%,11.09%,11.37%,9.95%,9.95%,9.19%,9.67%,8.15%,9.1%,9.86%,7.87%,7.49%,7.96%,7.11%,6.92%,6.45%,6.82%,6.07%,5.78%,6.64%
04/20/15,1040.0,43.17%,29.81%,24.62%,20.87%,16.63%,17.21%,17.12%,14.9%,14.71%,12.31%,11.83%,10.87%,10.77%,9.71%,9.33%,9.81%,10%,8.85%,8.37%,8.94%,8.75%,7.98%,8.17%,6.44%,7.4%,8.27%,7.21%,7.5%,6.54%
04/19/15,1183.0,38.8%,28.83%,25.44%,22.15%,18.6%,17.16%,16.99%,13.86%,13.19%,12.43%,11.58%,12.43%,10.48%,10.9%,10.06%,10.23%,9.38%,9.3%,8.37%,8.88%,7.86%,8.62%,7.86%,7.61%,7.1%,6.85%,6.42%,7.27%,6.51%
04/18/15,949.0,39.62%,26.34%,20.86%,19.81%,16.86%,15.91%,13.91%,12.54%,10.75%,11.59%,10.54%,9.38%,10.22%,9.48%,9.27%,7.38%,6.74%,7.48%,6.53%,5.9%,6.74%,7.38%,6.11%,5.69%,5.69%,6.01%,4.21%,5.69%,5.8%
04/17/15,825.0,40.73%,28.97%,23.88%,20.85%,16%,14.91%,15.15%,11.88%,12%,11.27%,10.06%,9.45%,10.06%,8.73%,7.88%,9.33%,6.91%,6.06%,7.39%,6.55%,6.91%,6.55%,6.42%,5.45%,5.7%,5.45%,6.06%,5.58%,6.42%
04/16/15,858.0,41.38%,28.67%,24.71%,20.63%,18.3%,14.57%,12.94%,14.57%,12%,11.54%,10.02%,9.79%,8.86%,9.09%,8.16%,7.34%,6.29%,8.28%,5.94%,5.83%,5.94%,4.55%,4.31%,4.08%,4.08%,5.01%,4.43%,4.66%,4.2%
04/15/15,900.0,39.56%,29.67%,23.22%,22.56%,18.11%,16.89%,15.67%,13.89%,12.78%,11.11%,12.67%,10.44%,8.78%,10.33%,9.22%,8.67%,8.33%,9%,7.89%,7.44%,7.44%,6.22%,7.22%,6.44%,6.22%,5.33%,5.44%,5.44%,5.67%
04/14/15,1097.0,41.57%,27.71%,22.52%,19.78%,20.15%,17.05%,13.76%,13.67%,13.4%,11.3%,11.67%,10.12%,11.3%,10.48%,10.12%,9.12%,8.2%,8.57%,9.75%,8.39%,7.47%,7.11%,7.57%,6.93%,6.47%,7.66%,6.84%,7.38%,6.47%
04/13/15,1676.0,41.83%,30.19%,26.43%,20.47%,18.97%,17.42%,17%,15.1%,13.84%,12.59%,11.99%,10.56%,11.28%,10.98%,9.37%,10.32%,8.35%,8.35%,8.65%,7.88%,8.05%,6.86%,7.58%,6.86%,7.34%,8%,6.92%,7.04%,6.92%
04/12/15,2407.0,40.13%,28.33%,22.68%,19.73%,18.24%,18.78%,17.12%,14.04%,13.21%,12.21%,11.05%,11.18%,12.17%,10.88%,9.6%,8.89%,8.48%,8.14%,8.18%,8.68%,8.31%,7.31%,7.1%,7.23%,6.81%,6.69%,6.9%,6.73%,6.36%
04/11/15,2539.0,41.95%,27.92%,24.14%,20.32%,18.35%,18.12%,18.04%,15.56%,13.9%,12.64%,12.21%,12.13%,12.21%,12.56%,11.78%,9.89%,10%,9.41%,9.33%,8.98%,8.86%,8.98%,7.72%,7.56%,7.8%,7.33%,7.4%,7.52%,7.44%
04/10/15,1864.0,41.47%,29.99%,24.03%,20.55%,18.78%,15.56%,16.58%,15.72%,14.97%,12.82%,12.02%,11.75%,11.43%,11.59%,10.46%,10.89%,8.91%,8.91%,9.17%,9.66%,9.28%,7.94%,7.83%,8.15%,7.3%,6.97%,7.14%,6.55%,7.19%
04/09/15,1437.0,42.52%,30.34%,25.75%,20.6%,19.07%,16.42%,14.47%,13.99%,12.53%,13.01%,11.55%,11.27%,11.55%,10.23%,10.16%,9.53%,9.67%,8.84%,8.28%,7.65%,7.24%,7.03%,6.96%,6.26%,6.75%,6.68%,5.71%,5.78%,5.71%
04/08/15,952.0,42.02%,28.26%,21.43%,17.65%,17.65%,15.97%,13.97%,12.18%,13.24%,11.76%,10.92%,12.08%,11.24%,9.35%,9.66%,8.51%,7.98%,8.09%,7.98%,9.03%,7.77%,6.93%,6.3%,6.41%,6.93%,6.3%,6.72%,6.72%,6.41%
04/07/15,554.0,39.17%,28.34%,22.2%,19.13%,16.79%,13.72%,13.9%,13.36%,8.84%,10.47%,11.73%,9.21%,9.39%,9.03%,8.66%,8.3%,7.76%,7.76%,7.58%,6.86%,7.04%,6.14%,7.04%,5.6%,5.78%,5.6%,4.15%,5.05%,4.15%
04/06/15,564.0,37.77%,28.37%,21.45%,18.79%,19.33%,17.2%,15.6%,10.82%,13.48%,9.57%,10.82%,9.75%,9.4%,7.98%,6.74%,8.16%,8.33%,7.62%,8.16%,7.45%,7.09%,5.67%,4.96%,6.56%,5.5%,5.5%,4.96%,4.43%,4.61%
04/05/15,649.0,36.83%,25.89%,21.11%,18.64%,17.1%,16.02%,15.41%,13.56%,12.63%,10.48%,10.63%,10.32%,10.02%,10.63%,8.32%,9.71%,7.24%,7.24%,6.78%,6.63%,5.86%,7.55%,5.39%,5.39%,4.47%,5.86%,4.78%,5.55%,4.01%
04/04/15,639.0,33.65%,26.13%,20.5%,18.62%,17.06%,15.96%,13.46%,12.52%,10.33%,10.95%,9.23%,9.7%,9.7%,9.23%,8.76%,7.2%,7.2%,6.73%,5.95%,6.73%,7.04%,6.57%,6.42%,4.85%,5.95%,6.1%,5.79%,4.69%,5.48%
04/03/15,710.0,35.77%,26.76%,22.96%,18.31%,17.04%,14.08%,13.94%,13.52%,11.27%,11.41%,11.27%,9.3%,9.44%,8.31%,8.45%,9.3%,6.48%,6.48%,6.2%,6.62%,6.34%,7.18%,4.79%,4.79%,5.07%,5.07%,5.92%,4.37%,3.24%
04/02/15,609.0,43.02%,26.27%,22%,18.56%,17.73%,15.44%,12.81%,11.66%,9.36%,9.2%,8.54%,8.21%,9.52%,8.05%,8.05%,6.24%,7.22%,6.73%,7.39%,6.4%,6.08%,6.08%,5.25%,5.42%,4.76%,4.27%,3.94%,5.75%,4.43%
04/01/15,894.0,39.37%,26.06%,24.27%,19.35%,18.68%,15.88%,14.65%,13.2%,13.76%,14.21%,11.97%,11.74%,10.29%,10.4%,9.28%,9.73%,9.06%,7.83%,7.49%,7.49%,7.05%,7.94%,7.27%,6.04%,6.6%,5.48%,6.15%,6.71%,5.7%
03/31/15,1163.0,40.58%,29.66%,21.67%,19%,15.13%,16.17%,13.76%,14.27%,12.55%,11.18%,10.4%,10.15%,10.32%,9.54%,8.25%,9.2%,8.34%,8.94%,8.6%,8.43%,7.65%,7.22%,7.91%,7.14%,6.36%,7.74%,6.71%,5.93%,6.45%
03/30/15,1372.0,41.4%,29.01%,25.29%,21.21%,18.66%,16.03%,16.47%,14.72%,13.12%,12.17%,11.22%,11.52%,11.37%,9.62%,11.3%,9.55%,10.2%,8.16%,9.33%,10.2%,8.31%,8.53%,7.94%,8.24%,7.87%,7.65%,7.36%,7.29%,6.92%
03/29/15,1630.0,38.59%,28.4%,23.25%,19.88%,18.65%,15.52%,14.72%,12.94%,11.6%,12.02%,10.18%,9.82%,10.18%,10.12%,8.96%,8.77%,9.51%,8.4%,7.48%,7.85%,8.83%,6.56%,6.81%,6.56%,7.06%,6.26%,7.06%,6.81%,6.07%
03/28/15,1393.0,41.28%,26.06%,21.82%,18.81%,18.09%,16.01%,15%,14%,12.2%,10.41%,10.91%,11.06%,10.34%,11.2%,10.34%,8.9%,8.04%,7.18%,7.18%,7.82%,7.11%,8.47%,7.18%,6.46%,7.04%,6.6%,6.46%,6.75%,6.82%
03/27/15,915.0,37.27%,26.89%,23.61%,17.38%,16.07%,15.08%,13.11%,12.46%,11.26%,11.26%,10.27%,9.18%,10.16%,9.4%,7.98%,8.63%,7.43%,8.2%,7.54%,7.32%,6.78%,6.45%,6.78%,6.56%,6.23%,6.45%,5.79%,6.12%,5.79%
03/26/15,786.0,42.24%,27.74%,24.68%,19.85%,17.81%,15.27%,12.6%,14.25%,11.32%,10.43%,11.45%,9.8%,9.29%,10.94%,8.4%,7.51%,8.78%,6.23%,7.89%,7.25%,5.98%,6.62%,5.47%,6.23%,5.09%,5.22%,5.47%,5.34%,4.45%
03/25/15,620.0,37.42%,22.74%,20.32%,19.03%,16.94%,14.19%,12.9%,11.13%,10%,10%,7.1%,9.03%,9.68%,7.9%,7.1%,7.42%,5.97%,6.94%,4.84%,5.48%,5.48%,4.35%,6.13%,5.16%,5.48%,4.68%,3.23%,4.19%,4.03%
03/24/15,599.0,33.22%,22.2%,15.03%,14.52%,13.36%,9.85%,9.68%,8.35%,7.68%,6.68%,6.01%,5.01%,5.51%,5.18%,5.68%,5.51%,3.84%,4.51%,4.84%,4.34%,4.67%,3.67%,3.67%,5.18%,3.67%,2.67%,2.84%,3.67%,2.84%
03/23/15,575.0,36.7%,26.26%,18.09%,15.13%,14.78%,12.87%,12.87%,8.7%,9.74%,8.87%,9.57%,6.78%,7.83%,7.83%,7.13%,6.96%,6.43%,6.96%,4.87%,5.39%,5.04%,5.91%,4%,4%,5.04%,3.13%,4.35%,3.48%,3.13%
03/22/15,683.0,32.5%,24.45%,17.57%,16.98%,14.79%,14.79%,11.71%,10.69%,9.22%,8.49%,9.96%,8.2%,8.2%,8.35%,8.49%,6.73%,7.03%,6.15%,5.71%,5.71%,6.3%,4.39%,5.71%,4.83%,5.12%,4.69%,4.25%,6%,3.22%
03/21/15,769.0,35.37%,25.62%,18.86%,16.25%,14.82%,13.39%,15.73%,11.7%,11.05%,9.75%,8.45%,7.54%,8.45%,9.1%,8.19%,8.06%,7.54%,7.02%,6.76%,6.89%,7.54%,5.85%,5.46%,4.68%,5.2%,3.9%,4.16%,5.46%,4.29%
03/20/15,819.0,37.36%,25.52%,21%,16.61%,15.75%,12.45%,12.7%,13.06%,11.48%,9.52%,9.16%,8.67%,7.69%,8.91%,7.81%,7.57%,7.69%,7.69%,7.08%,5.86%,6.11%,6.11%,5.25%,6.11%,5.74%,5.37%,6.11%,4.76%,5.49%
03/19/15,1232.0,40.02%,27.44%,22.65%,19.56%,15.83%,15.91%,12.5%,12.66%,12.66%,11.28%,10.88%,9.9%,9.74%,8.36%,7.95%,8.04%,7.22%,7.55%,7.79%,7.55%,6.33%,7.06%,6.25%,5.36%,6.01%,6.57%,5.36%,4.95%,5.68%
03/18/15,1476.0,41.33%,28.52%,22.9%,18.77%,18.09%,15.11%,14.84%,13.62%,12.6%,12.2%,12.4%,11.04%,10.3%,9.96%,9.76%,8.94%,8.33%,7.79%,8.06%,8.2%,7.59%,7.59%,7.38%,6.1%,6.44%,6.84%,6.17%,5.83%,5.35%
03/17/15,1627.0,39.09%,27.97%,21.14%,19.05%,16.9%,14.63%,13.21%,13.09%,12.48%,11.99%,11.37%,11.06%,10.26%,10.02%,9.16%,9.04%,8.36%,8.73%,8.17%,8.48%,7.87%,9.16%,8.17%,7.74%,7.5%,7.56%,7.01%,5.96%,6.27%
03/16/15,1169.0,41.49%,27.72%,23.35%,16.51%,19.5%,16.08%,16.08%,12.83%,10.61%,10.27%,10.86%,9.84%,11.46%,8.81%,9.24%,8.73%,8.81%,8.3%,7.61%,7.27%,7.78%,7.1%,7.01%,6.5%,6.59%,7.36%,6.76%,5.99%,7.44%
03/15/15,1008.0,37.2%,26.69%,22.52%,19.74%,16.67%,16.67%,13.99%,12.5%,11.31%,10.52%,10.42%,10.22%,9.52%,10.32%,8.43%,8.93%,5.95%,7.54%,7.24%,7.94%,6.55%,7.24%,7.44%,5.85%,5.36%,5.56%,4.46%,5.56%,4.76%
03/14/15,938.0,37.42%,25.48%,19.19%,16.84%,15.46%,14.93%,14.18%,11.19%,10.02%,9.38%,9.28%,9.38%,8.42%,8%,8.32%,8.32%,8.21%,6.4%,5.97%,6.93%,6.08%,5.54%,5.86%,6.08%,5.12%,4.9%,5.65%,5.12%,5.65%
03/13/15,673.0,39.97%,27.34%,22.44%,19.32%,17.09%,16.2%,14.41%,12.48%,12.78%,10.85%,9.96%,10.55%,8.32%,7.73%,6.39%,7.88%,7.58%,8.77%,7.88%,6.54%,6.69%,5.05%,6.09%,6.69%,6.09%,5.5%,5.2%,5.35%,5.5%
03/12/15,627.0,38.28%,26.79%,21.53%,18.02%,16.11%,13.72%,13.72%,12.12%,9.89%,11%,9.89%,8.45%,9.25%,7.02%,7.66%,8.45%,5.74%,6.54%,7.5%,6.06%,6.86%,6.54%,5.1%,5.58%,4.63%,5.58%,6.22%,5.9%,5.1%
03/11/15,608.0,39.97%,28.95%,24.01%,19.41%,18.75%,15.95%,14.97%,14.14%,13.16%,11.18%,11.84%,10.53%,10.2%,8.22%,9.38%,7.57%,7.73%,8.72%,8.55%,7.89%,7.4%,7.73%,6.25%,6.41%,7.07%,6.09%,6.58%,5.43%,5.92%
03/10/15,729.0,40.74%,25.24%,22.09%,18.11%,18.11%,13.72%,12.48%,13.17%,10.29%,11.39%,9.6%,10.01%,8.78%,9.19%,8.78%,8.09%,7.13%,6.72%,8.09%,7.68%,6.72%,5.62%,4.8%,5.62%,5.35%,6.17%,5.9%,6.17%,5.35%
03/09/15,791.0,42.6%,29.2%,24.15%,19.72%,16.56%,14.92%,11.63%,12.9%,12.52%,10.24%,9.36%,9.1%,9.36%,7.96%,8.34%,8.22%,7.33%,6.7%,7.96%,6.95%,6.7%,6.07%,6.45%,6.32%,4.8%,4.8%,5.18%,5.44%,4.17%
03/08/15,893.0,36.95%,26.65%,22.73%,17.92%,16.35%,15.79%,14.67%,13.77%,12.09%,10.19%,10.53%,10.64%,10.97%,10.19%,8.17%,7.73%,8.17%,7.95%,8.06%,7.05%,7.39%,6.38%,5.71%,7.05%,7.5%,6.83%,6.27%,5.82%,5.82%
03/07/15,1107.0,40.38%,26.65%,21.68%,19.42%,17.07%,15.54%,15.72%,13.73%,10.48%,11.92%,10.21%,10.75%,8.58%,9.76%,10.21%,8.67%,8.22%,8.67%,7.14%,7.68%,7.32%,8.31%,7.05%,6.78%,5.87%,5.33%,5.6%,6.14%,6.41%
03/06/15,1523.0,41.5%,28.37%,23.31%,20.62%,17.2%,16.48%,15.56%,14.25%,13.66%,12.41%,12.67%,11.62%,11.1%,11.1%,10.77%,10.44%,9.52%,9%,8.86%,8.6%,8.67%,8.4%,9%,8.01%,7.75%,7.22%,7.29%,7.09%,5.91%
03/05/15,1698.0,38.75%,27.86%,21.85%,17.73%,16.84%,13.6%,13.31%,13.66%,11.31%,11.84%,10.42%,9.48%,8.78%,9.01%,8.54%,7.71%,8.01%,7.54%,7.48%,6.6%,7.24%,6.18%,6.6%,6.01%,6.65%,6.71%,6.3%,5.24%,6.3%
03/04/15,1633.0,42.93%,29.15%,24.19%,21.68%,18.37%,16.11%,15.13%,13.9%,13.23%,11.7%,11.02%,9.98%,10.47%,9.49%,9.8%,8.88%,8.76%,7.9%,8.33%,7.9%,7.23%,8.57%,7.59%,6.12%,7.1%,7.04%,6.74%,5.82%,5.57%
03/03/15,1593.0,42.18%,30.07%,22.03%,19.71%,17.01%,15.19%,14.81%,12.81%,11.11%,11.42%,10.67%,10.8%,10.3%,10.3%,9.1%,8.47%,7.6%,8.41%,8.79%,7.78%,7.03%,7.16%,6.84%,6.47%,6.72%,6.78%,6.78%,5.71%,5.52%
03/02/15,1257.0,41.77%,26.57%,22.91%,20.6%,17.18%,15.35%,14.08%,13.52%,12.17%,11.85%,10.34%,9.94%,9.15%,8.75%,9.86%,8.99%,8.35%,7.08%,8.04%,8.19%,7.8%,6.76%,6.13%,5.89%,5.33%,6.05%,5.57%,6.52%,5.25%
03/01/15,1322.0,37.97%,26.17%,23.45%,20.65%,17.4%,17.55%,14.52%,13.92%,12.71%,10.67%,10.44%,10.36%,11.35%,11.42%,8.7%,9.46%,9%,8.4%,7.87%,8.55%,8.47%,8.09%,6.13%,7.19%,6.96%,6.35%,7.34%,5.82%,6.28%
02/28/15,1418.0,42.17%,28.84%,24.47%,20.59%,18.62%,15.02%,16.36%,15.16%,12.13%,10.44%,10.65%,10.08%,10.58%,11%,9.66%,7.62%,8.32%,8.46%,7.83%,8.11%,7.4%,8.25%,7.4%,6.56%,6.06%,6.28%,6.42%,6.63%,5.85%
02/27/15,871.0,40.64%,24.23%,21.01%,16.53%,15.04%,12.97%,12.51%,10.22%,9.99%,9.53%,9.64%,8.15%,7.92%,9.41%,7.23%,7.12%,7.12%,5.74%,7%,6.66%,6.31%,6.89%,5.63%,5.86%,6.77%,5.4%,6.08%,5.28%,5.17%
02/26/15,887.0,41.04%,26.16%,21.87%,18.83%,15.67%,14.21%,12.85%,11.95%,12.97%,10.15%,10.26%,9.92%,8.12%,7.67%,8.12%,8.12%,8%,7.22%,7.1%,6.76%,6.43%,7.55%,6.31%,5.52%,5.3%,5.98%,4.74%,5.75%,4.06%
02/25/15,892.0,37.89%,23.09%,21.3%,16.14%,15.36%,13.23%,12.11%,11.43%,10.2%,9.42%,8.74%,7.96%,7.96%,8.3%,7.85%,6.05%,6.95%,5.72%,6.39%,5.04%,4.93%,4.6%,4.37%,5.61%,5.16%,4.71%,4.71%,4.48%,3.59%
02/24/15,1097.0,41.29%,28.62%,21.06%,17.41%,16.04%,13.86%,12.94%,12.49%,11.94%,10.94%,10.48%,10.12%,10.39%,9.3%,9.02%,8.57%,8.02%,7.38%,7.2%,6.93%,7.29%,6.38%,7.11%,5.47%,5.47%,5.47%,5.38%,4.65%,4.56%
02/23/15,1064.0,38.72%,28.48%,20.21%,18.52%,15.88%,14.94%,13.91%,11.84%,10.53%,8.93%,7.89%,8.74%,8.27%,8.93%,7.42%,7.99%,6.3%,7.61%,7.05%,6.11%,6.11%,5.64%,5.17%,5.26%,4.7%,5.08%,4.79%,4.32%,4.14%
02/22/15,1932.0,37.32%,27.17%,21.79%,20.08%,16.56%,15.73%,15.63%,11.49%,11.7%,12.32%,10.77%,9.37%,9.68%,9.78%,8.85%,9.06%,8.54%,7.71%,7.61%,7.3%,7.3%,6.47%,6.63%,6.63%,5.95%,6%,7.25%,6.63%,6.26%
02/21/15,2236.0,40.56%,25.27%,21.91%,18.11%,14.36%,13.86%,16.28%,13.64%,11.49%,10.87%,10.33%,9.66%,9.84%,10.11%,9.84%,7.92%,7.83%,7.16%,7.56%,7.29%,8.01%,7.96%,6.62%,6.17%,6.4%,5.77%,5.37%,6.57%,6.75%
02/20/15,2257.0,39.96%,26.54%,20.12%,17.15%,15.02%,14.8%,13.69%,12.45%,11.56%,10.23%,8.99%,9.08%,8.37%,7.35%,8.37%,7%,7%,7.31%,6.25%,6.34%,6.11%,6.29%,5.58%,5.27%,5.54%,5.45%,4.96%,5.01%,5.32%
02/19/15,1884.0,42.25%,27.65%,21.87%,19.37%,15.61%,15.18%,14.49%,12.58%,10.51%,12.05%,9.98%,10.35%,10.08%,9.77%,8.92%,8.33%,8.39%,7.22%,7.43%,7.54%,6.9%,7.32%,6.1%,6.58%,5.68%,6.16%,5.57%,6.1%,6.1%
02/18/15,1465.0,41.64%,29.15%,23.75%,20.61%,16.66%,13.79%,13.65%,11.54%,11.13%,10.1%,10.38%,10.1%,9.35%,10.03%,7.71%,8.05%,7.71%,7.17%,7.92%,7.03%,6.76%,6.14%,6.96%,5.94%,5.94%,6.08%,5.26%,5.6%,5.32%
02/17/15,1000.0,39.5%,26.7%,21.9%,19.9%,15.8%,13.8%,11%,12.2%,11.6%,9.3%,9.1%,10%,10.1%,8.1%,7.4%,9%,8.6%,7.3%,7.1%,7.6%,7.3%,6.8%,6.7%,5.9%,5.9%,5.2%,5.5%,4.9%,4.8%
02/16/15,1037.0,40.31%,27.29%,22.66%,18.51%,17.16%,15.53%,12.92%,11.57%,11.28%,9.74%,11.67%,8.29%,9.35%,7.62%,7.43%,7.71%,6.56%,6.65%,7.43%,7.33%,6.27%,5.79%,5.79%,5.98%,4.73%,5.5%,5.11%,4.53%,4.82%
02/15/15,1189.0,40.2%,27.92%,23.89%,19.68%,18.5%,14.8%,16.32%,11.02%,12.2%,11.27%,9.92%,10.51%,10.77%,10.09%,8.41%,8.24%,7.23%,7.4%,7.32%,6.14%,7.4%,6.06%,5.8%,5.38%,5.55%,5.8%,4.54%,5.13%,4.88%
02/14/15,1120.0,39.55%,25.8%,21.43%,19.2%,15.71%,16.16%,15%,13.3%,11.43%,10.98%,9.64%,8.93%,9.38%,9.11%,10.09%,7.32%,7.68%,6.96%,7.5%,7.32%,7.14%,6.52%,5.89%,5.54%,6.07%,5.8%,6.25%,5.62%,5.62%
02/13/15,941.0,37.19%,28.69%,22.1%,18.81%,16.47%,14.35%,14.77%,11.26%,12.86%,11.16%,9.67%,8.5%,9.99%,9.78%,8.18%,8.4%,7.76%,7.01%,8.71%,6.91%,6.8%,5.1%,4.36%,5.31%,4.99%,4.68%,4.78%,5.53%,4.78%
02/12/15,912.0,41.34%,29.93%,24.78%,20.83%,18.53%,16.89%,16.78%,14.14%,13.6%,13.38%,10.96%,10.53%,9.43%,9.98%,9.21%,8.55%,7.79%,7.79%,7.13%,6.47%,7.24%,7.24%,5.59%,6.03%,5.92%,5.7%,5.26%,5.81%,4.82%
02/11/15,948.0,43.04%,31.65%,24.16%,19.2%,18.78%,16.46%,15.08%,14.56%,12.03%,12.76%,12.66%,12.34%,10.86%,9.81%,11.29%,10.44%,9.07%,8.44%,8.54%,6.65%,7.91%,6.12%,8.12%,6.86%,7.17%,7.07%,5.91%,6.22%,5.91%
02/10/15,1267.0,40.41%,30.07%,23.76%,21.47%,19.34%,18.39%,15.31%,14.92%,12.23%,11.92%,12.55%,11.13%,10.58%,9.63%,10.18%,8.68%,8.21%,8.21%,7.34%,7.34%,7.97%,6.63%,7.5%,6.95%,6.71%,6.63%,5.6%,6.39%,6%
02/09/15,1332.0,38.81%,27.85%,21.47%,19.82%,16.89%,17.19%,15.92%,12.54%,12.99%,13.14%,11.86%,11.71%,10.44%,10.06%,9.98%,9.01%,9.16%,9.76%,8.03%,8.41%,7.88%,7.58%,7.81%,8.03%,6.46%,6.61%,6.01%,7.36%,5.86%
02/08/15,1599.0,36.09%,23.7%,19.39%,16.14%,14.82%,14.57%,14.7%,12.26%,10.63%,11.13%,10.19%,9.26%,9.51%,9.63%,7.88%,7.07%,6.75%,6.25%,6.75%,6.94%,7%,6.5%,6.38%,5.19%,5.88%,5.94%,6.5%,6.63%,6.5%
02/07/15,1466.0,40.52%,24.56%,18.83%,17.05%,14.53%,14.12%,14.6%,13.71%,12.35%,10.5%,10.64%,11.05%,9.89%,10.3%,9.62%,7.64%,7.23%,7.16%,6.89%,7.37%,6.62%,6.48%,6.41%,7.03%,5.18%,5.8%,5.18%,5.32%,5.25%
02/06/15,1024.0,40.92%,24.71%,19.63%,16.7%,15.72%,13.67%,14.45%,11.52%,13.18%,10.84%,10.55%,10.55%,8.69%,8.11%,9.67%,8.59%,6.54%,6.74%,7.81%,7.13%,7.42%,6.64%,5.47%,6.25%,5.86%,5.47%,5.66%,5.66%,5.08%
02/05/15,913.0,36.8%,25.52%,18.18%,17.09%,13.8%,13.03%,12.6%,9.75%,9.31%,8.98%,8.76%,7.89%,7.67%,6.79%,7.56%,7.78%,6.24%,6.13%,4.93%,5.04%,5.15%,5.48%,4.49%,5.04%,4.6%,4.82%,4.49%,4.6%,3.94%
02/04/15,1037.0,37.03%,24.49%,20.15%,16.59%,14.95%,14.46%,11.86%,10.99%,10.7%,9.55%,10.41%,10.13%,8.58%,7.43%,8.29%,8.68%,7.52%,7.62%,7.33%,6.08%,6.27%,6.08%,5.3%,5.11%,5.21%,4.44%,5.01%,5.11%,4.53%
02/03/15,1061.0,36.57%,26.67%,20.74%,19.6%,16.49%,12.63%,14.04%,12.35%,9.33%,9.8%,8.86%,10.27%,9.14%,8.67%,9.43%,9.43%,9.43%,8.2%,7.63%,6.6%,7.07%,7.07%,6.13%,5.84%,5.94%,7.26%,5.94%,6.31%,6.13%
02/02/15,1110.0,31.35%,23.15%,20.72%,16.49%,12.7%,13.42%,9.73%,9.73%,9.1%,8.38%,7.75%,7.93%,8.02%,8.29%,7.75%,7.21%,6.13%,6.31%,5.68%,5.05%,5.23%,5.41%,5.5%,4.68%,4.77%,4.59%,4.68%,3.96%,4.41%
02/01/15,1236.0,36.17%,23.38%,18.77%,17.88%,15.13%,14.08%,13.43%,10.28%,11.49%,10.28%,8.5%,8.82%,8.98%,8.9%,8.5%,8.58%,7.52%,6.55%,7.93%,7.61%,6.88%,5.99%,5.42%,5.5%,5.1%,5.58%,6.39%,5.1%,4.37%
01/31/15,1269.0,35.7%,22.85%,17.57%,16.63%,15.05%,15.45%,12.14%,13%,8.59%,9.69%,8.59%,9.06%,7.17%,7.8%,7.57%,7.33%,7.49%,6.38%,5.83%,6.3%,6.78%,6.54%,6.07%,6.46%,5.75%,4.81%,5.44%,6.23%,4.96%
01/30/15,1058.0,35.35%,23.44%,17.67%,15.22%,12.38%,12.29%,13.61%,12.1%,9.74%,9.17%,8.51%,8.22%,9.17%,8.88%,7.28%,7.75%,6.9%,7.75%,7.47%,7.94%,6.62%,5.29%,5.58%,5.95%,5.77%,5.29%,5.1%,5.86%,5.39%
01/29/15,1052.0,32.6%,20.53%,17.97%,15.68%,14.26%,11.31%,12.36%,10.46%,9.32%,9.79%,6.46%,7.51%,8.46%,7.13%,7.13%,6.18%,6.46%,6.37%,5.89%,6.94%,6.27%,5.61%,5.04%,5.23%,5.23%,4.75%,5.13%,4.85%,3.99%
01/28/15,1057.0,34.63%,25.17%,19.96%,15.61%,14.38%,12.11%,12.49%,11.54%,11.54%,11.35%,12.02%,9.18%,10.79%,9.56%,8.04%,9.08%,7.85%,8.04%,8.51%,7.57%,7.57%,6.34%,6.05%,5.68%,6.62%,5.96%,6.15%,5.01%,5.68%
01/27/15,1099.0,35.94%,23.75%,19.75%,16.2%,11.92%,12.47%,10.74%,11.46%,10.19%,8.83%,8.74%,8.55%,8.19%,8.37%,8.1%,7.1%,5.82%,6.82%,6.19%,5.46%,6.55%,5.73%,5.91%,4.82%,5.1%,5.37%,5.1%,5.37%,5.37%
01/26/15,1135.0,35.33%,21.23%,17.18%,14.45%,12.69%,12.6%,10.31%,9.16%,8.46%,8.55%,9.78%,7.93%,7.58%,6.96%,7.22%,7.14%,6.43%,4.85%,5.46%,5.99%,6.43%,4.85%,5.81%,5.73%,5.02%,4.76%,4.93%,3.88%,4.85%
01/25/15,1608.0,32.15%,24.19%,17.1%,14.37%,13.18%,13.12%,11.94%,9.14%,8.15%,9.51%,7.59%,8.83%,9.83%,8.27%,6.34%,6.9%,6.59%,6.28%,5.53%,6.78%,5.97%,6.41%,5.78%,5.66%,5.35%,5.78%,6.09%,5.29%,5.6%
01/24/15,2000.0,37.9%,22.6%,17.95%,15.15%,12.95%,12.6%,13.55%,11.45%,8.85%,8.2%,7.9%,7.35%,8.4%,7.75%,7.95%,6.2%,6.4%,6.45%,5.7%,6.05%,6.25%,5.6%,5.65%,5.8%,4.85%,5.6%,5.55%,5.4%,5.4%
01/23/15,2044.0,39.29%,26.37%,19.86%,17.56%,15.8%,14.33%,14.29%,13.11%,12.92%,10.76%,9.39%,10.32%,9.39%,10.03%,10.03%,7.73%,6.8%,7.78%,7.63%,6.8%,6.9%,6.95%,7.05%,7.05%,6.75%,6.16%,6.31%,6.02%,6.02%
01/22/15,1984.0,37.9%,24.8%,20.67%,17.34%,16.08%,12.8%,12.7%,12.1%,10.79%,10.13%,8.97%,8.77%,8.67%,8.87%,9.27%,8.82%,8.52%,7.66%,7.36%,7.51%,7.76%,6.6%,7.46%,6.25%,6.65%,6.65%,6.2%,6.3%,6.35%
01/21/15,1979.0,39.16%,26.17%,22.23%,17.64%,15.36%,14.6%,12.03%,11.87%,10.61%,10.46%,9.55%,10.16%,9.55%,8.44%,8.49%,7.83%,7.93%,7.48%,7.18%,7.12%,7.38%,6.67%,6.06%,6.72%,6.11%,6.92%,6.32%,5.81%,5.76%
01/20/15,1230.0,34.39%,21.63%,17.64%,15.45%,13.09%,11.54%,10.49%,9.27%,8.05%,8.29%,7.8%,7.48%,6.91%,7.32%,6.99%,7.24%,6.42%,5.53%,6.34%,4.8%,5.61%,4.47%,4.39%,4.8%,5.12%,4.15%,3.98%,4.31%,4.63%
01/19/15,1222.0,33.22%,21.28%,17.18%,14.57%,12.93%,12.36%,12.27%,10.56%,9.17%,9.57%,7.53%,7.86%,7.2%,7.04%,6.55%,5.97%,6.46%,5.56%,6.63%,5.65%,5.16%,5.16%,4.5%,4.91%,4.83%,3.68%,4.91%,3.93%,4.42%
01/18/15,1304.0,32.13%,22.16%,17.94%,16.1%,12.58%,12.58%,13.27%,11.04%,10.43%,9.28%,8.51%,8.51%,8.59%,8.74%,6.21%,6.44%,6.52%,5.83%,7.98%,6.44%,7.13%,4.98%,5.67%,5.52%,4.91%,4.68%,4.75%,5.83%,4.37%
01/17/15,1227.0,34.23%,22.58%,16.87%,17.03%,13.2%,13.2%,11.41%,10.68%,8.72%,8.23%,8.07%,7.17%,7.74%,8.15%,6.36%,5.79%,5.62%,6.03%,5.7%,6.28%,6.52%,5.3%,4.24%,5.22%,5.13%,5.05%,4.97%,5.7%,4.65%
01/16/15,1038.0,35.65%,24.18%,18.5%,15.03%,13.78%,12.81%,12.24%,10.79%,10.21%,9.44%,8.96%,8.77%,8.29%,8.09%,7.61%,7.61%,5.3%,5.49%,6.26%,7.32%,8.38%,6.65%,6.94%,5.59%,5.39%,5.97%,5.97%,6.07%,5.88%
01/15/15,993.0,33.64%,23.06%,18.63%,15.11%,14.3%,12.08%,11.58%,11.08%,8.86%,8.56%,6.95%,7.15%,7.45%,6.75%,5.64%,6.34%,6.45%,6.55%,6.14%,6.24%,6.55%,5.84%,5.94%,5.34%,4.93%,5.54%,4.83%,5.34%,4.93%
01/14/15,1140.0,35.53%,23.68%,19.91%,17.89%,15.26%,14.39%,13.95%,12.37%,12.37%,12.02%,11.23%,10.88%,9.56%,9.47%,8.6%,8.68%,8.6%,6.49%,6.49%,6.84%,6.93%,7.11%,6.32%,6.49%,6.14%,4.91%,5.7%,5.44%,5.61%
01/13/15,1000.0,33.8%,24%,19.5%,16.3%,14.7%,12.6%,11%,10.8%,10.1%,8.6%,8.3%,8.9%,8.2%,7.7%,7%,6.7%,5.8%,6.3%,7.1%,6.3%,5.7%,6%,5.8%,6.2%,4.9%,5%,4.3%,5.6%,5.5%
01/12/15,1054.0,33.68%,21.92%,18.12%,15.65%,12.9%,12.52%,11.39%,9.77%,10.25%,9.11%,8.54%,8.44%,9.01%,7.87%,5.6%,6.07%,5.69%,5.6%,5.5%,5.22%,5.31%,4.27%,5.79%,4.65%,3.51%,4.46%,3.7%,3.89%,4.27%
01/11/15,1433.0,32.73%,23.8%,18.56%,16.96%,14.24%,15.07%,11.79%,11.51%,9.84%,7.4%,8.16%,7.19%,8.23%,6.84%,6.63%,6.49%,5.86%,5.37%,5.09%,5.93%,5.51%,5.44%,5.09%,5.51%,5.44%,4.68%,5.58%,5.51%,4.33%
01/10/15,2068.0,36.75%,23.6%,18.04%,15.43%,13.3%,12.57%,13.93%,12.67%,10.11%,9.43%,9.24%,8.32%,8.8%,9.57%,7.69%,7.5%,6.77%,6.48%,6.67%,6.38%,7.64%,7.3%,5.85%,5.37%,5.66%,6.04%,6%,5.9%,6.19%
01/09/15,1749.0,35.73%,25.1%,19.38%,16.07%,13.89%,12.41%,12.46%,11.32%,10.12%,10.41%,8.06%,9.03%,8.92%,7.95%,7.66%,8.06%,8.06%,7.83%,7.6%,6.8%,7.09%,6%,6.52%,5.89%,5.2%,5.77%,5.15%,5.83%,6.52%
01/08/15,1481.0,38.62%,26.87%,22.55%,18.77%,15.26%,13.44%,13.03%,11.68%,10.74%,11.41%,8.85%,8.51%,7.97%,7.43%,6.89%,7.22%,6.14%,6.35%,6.14%,6.35%,5.54%,6.08%,5.47%,5.74%,5.33%,4.12%,4.93%,5.4%,4.79%
01/07/15,1246.0,37.8%,26.97%,21.75%,16.93%,15.01%,12.12%,11.08%,9.71%,8.35%,9.39%,9.15%,7.87%,5.86%,6.82%,5.62%,6.34%,5.7%,6.98%,5.54%,5.06%,4.65%,5.14%,4.82%,4.9%,4.82%,4.25%,4.09%,4.57%,4.49%
01/06/15,1309.0,41.33%,28.11%,23.15%,18.72%,17.11%,14.9%,13.83%,12.45%,11.31%,10.31%,10.92%,9.55%,10.08%,8.79%,8.25%,8.02%,7.49%,6.72%,8.4%,7.79%,7.64%,7.1%,5.58%,5.35%,6.34%,6.42%,5.42%,4.81%,5.65%
01/05/15,1244.0,37.38%,27.49%,20.82%,18.33%,17.2%,15.11%,13.26%,11.17%,10.93%,11.25%,9.08%,9.32%,9.49%,9.08%,8.28%,7.72%,8.04%,7.4%,6.59%,6.11%,5.63%,5.55%,5.39%,6.11%,5.23%,5.23%,5.39%,5.55%,5.95%
Overall,150278.0,38.78%,26.62%,21.54%,18.44%,16.32%,14.92%,14.12%,12.63%,11.54%,10.85%,10.19%,9.79%,9.65%,9.32%,8.73%,8.28%,7.8%,7.56%,7.44%,7.28%,7.18%,6.81%,6.47%,6.23%,6.08%,5.97%,5.88%,5.83%,5.66%
